country,branch,focus_id,old_title,new_title,why_changed
GER,Federal settlement,AOEIW9_GER_politics_p2_6,Convene the Federal Crisis Council,The Länder Ultimatum,"Old title centres a reusable bureaucratic label (Council); replacement names the actor, place, demand or material conflict."
GER,Council revolution,AOEIW9_GER_politics_p3_2,Convene the Berlin Council Congress,The Reichsrätekongress,"Old title centres a reusable bureaucratic label (Council); replacement names the actor, place, demand or material conflict."
GER,Council revolution,AOEIW17_GER_revolutionary_council,Seat the Revolutionary Council,All Power to the Councils!,"Old title centres a reusable bureaucratic label (Council); replacement names the actor, place, demand or material conflict."
GER,Council revolution,AOEIW17_GER_ruhr_works_directorate,The Ruhr Works Directorate,Essen Must Produce,"Old title centres a reusable bureaucratic label (Directorate); replacement names the actor, place, demand or material conflict."
GER,Council revolution,AOEIW17_GER_national_production_ledger,The National Production Ledger,Count Every Lathe,"Old title centres a reusable bureaucratic label (Ledger); replacement names the actor, place, demand or material conflict."
GER,Council revolution,AOEIW17_GER_quota_tank_standardisation,Quota Tank Standardisation,"One Chassis, Ten Thousand Tanks","Old title states an abstract policy outcome; replacement gives the branch a period headline, slogan, place or constituency."
GER,Council revolution,AOEIW17_GER_rail_war_directorate,The Rail War Directorate,The Revolution Runs on Rails,"Old title centres a reusable bureaucratic label (Directorate); replacement names the actor, place, demand or material conflict."
GER,Rearmament and social bargain,AOEIW9_GER_mil_army_1,The Army Training Commission,The Döberitz Manoeuvres,"Old title centres a reusable bureaucratic label (Commission); replacement names the actor, place, demand or material conflict."
GER,Federal settlement,AOEIW14_GER_constitutional_settlement,The Constitutional Settlement,"Crown, Reichstag, Länder","Old title centres a reusable bureaucratic label (Settlement); replacement names the actor, place, demand or material conflict."
GER,Federal settlement,AOEIW14_GER_federal_economic_council,Federal Economic Council,Revive the Reichswirtschaftsrat,"Old title centres a reusable bureaucratic label (Council); replacement names the actor, place, demand or material conflict."
GER,Federal settlement,AOEIW14_GER_advanced_equipment_commission,Advanced Equipment Commission,Trials at Kummersdorf,"Old title centres a reusable bureaucratic label (Commission); replacement names the actor, place, demand or material conflict."
GER,Federal settlement,AOEIW14_GER_european_settlement,A European Settlement,A Second Locarno,"Old title centres a reusable bureaucratic label (Settlement); replacement names the actor, place, demand or material conflict."
GER,Federal settlement,AOEIW_IMM_GER_federal_1,Convene the Federal Council,The Bundesrat Faces the Kaiser,"Old title centres a reusable bureaucratic label (Council); replacement names the actor, place, demand or material conflict."
GER,Rearmament and social bargain,AOEIW_STRUCT_GER_continental_readiness,The Continental Readiness Board,The General Staff's Red Folders,"Old title centres a reusable bureaucratic label (Board); replacement names the actor, place, demand or material conflict."
GER,Rearmament and social bargain,AOEIW_STRUCT_GER_civilian_procurement,Civilian Procurement Commission,Factories Before Fortresses,"Old title centres a reusable bureaucratic label (Commission); replacement names the actor, place, demand or material conflict."
GER,Rearmament and social bargain,AOEIW_STRUCT_GER_DEPTH_lands_treasury,The Länder Finance Committee,Bavaria Presents the Bill,"Old title states an abstract policy outcome; replacement gives the branch a period headline, slogan, place or constituency."
GER,Rearmament and social bargain,AOEIW_STRUCT_GER_DEPTH_industrial_peace,An Industrial Peace Commission,Renew Stinnes–Legien,"Old title centres a reusable bureaucratic label (Commission); replacement names the actor, place, demand or material conflict."
GER,Rearmament and social bargain,AOEIW_STRUCT_GER_DEPTH_colonial_census,The Overseas Service Register,Who Will Staff Mittelafrika?,"Old title centres a reusable bureaucratic label (Register); replacement names the actor, place, demand or material conflict."
GER,Rearmament and social bargain,AOEIW_STRUCT_GER_DEPTH_regional_housing,The Workers Housing Programme,Homes Beside the Krupp Works,"Old title centres a reusable bureaucratic label (Programme); replacement names the actor, place, demand or material conflict."
GER,Rearmament and social bargain,AOEIW_STRUCT_GER_DEPTH_rent_commission,The Ruhr Rent Commission,Freeze Ruhr Rents!,"Old title centres a reusable bureaucratic label (Commission); replacement names the actor, place, demand or material conflict."
GER,Rearmament and social bargain,AOEIW_STRUCT_GER_DEPTH_technical_cadres,The Technical Cadre Schools,Apprentices for Borsig and Krupp,"Old title states an abstract policy outcome; replacement gives the branch a period headline, slogan, place or constituency."
GER,Rearmament and social bargain,AOEIW_STRUCT_GER_DEPTH_council_autonomy,Protect Council Autonomy,Every Factory Its Own Council,"Old title centres a reusable bureaucratic label (Council); replacement names the actor, place, demand or material conflict."
GER,Rearmament and social bargain,AOEIW_STRUCT_GER_DEPTH_quota_directorate,A National Quota Directorate,Berlin Sets the Quotas,"Old title centres a reusable bureaucratic label (Directorate); replacement names the actor, place, demand or material conflict."
GER,Rearmament and social bargain,AOEIW_STRUCT_GER_DEPTH_rearmament_ledger,Audit the Rearmament Ledger,Who Pays for Rearmament?,"Old title centres a reusable bureaucratic label (Ledger); replacement names the actor, place, demand or material conflict."
GER,Rearmament and social bargain,AOEIW_STRUCT_GER_DEPTH_freight_priority,A Military Freight Timetable,Clear the Lines for Mobilisation,"Old title centres a reusable bureaucratic label (Timetable); replacement names the actor, place, demand or material conflict."
GER,Rearmament and social bargain,AOEIW_STRUCT_GER_DEPTH_exchange_board,The Foreign Exchange Board,Reichsmarks for Oil,"Old title centres a reusable bureaucratic label (Board); replacement names the actor, place, demand or material conflict."
GER,Rearmament and social bargain,AOEIW_STRUCT_GER_DEPTH_staff_signals,A Signals Office for the Staff,One Frequency for Every Corps,"Old title states an abstract policy outcome; replacement gives the branch a period headline, slogan, place or constituency."
GER,Rearmament and social bargain,AOEIW_STRUCT_GER_DEPTH_fuel_reserve,The Strategic Fuel Register,Sixty Days of Fuel,"Old title centres a reusable bureaucratic label (Register); replacement names the actor, place, demand or material conflict."
GER,Rearmament and social bargain,AOEIW_STRUCT_GER_DEPTH_ruhr_water,The Ruhr Water Board,Water for Coal and Steel,"Old title centres a reusable bureaucratic label (Board); replacement names the actor, place, demand or material conflict."
GER,Parliamentary Germany,AOEIW28_GER_parliament,The Parliamentary Settlement,Open the Reichstag Doors,"Old title centres a reusable bureaucratic label (Settlement); replacement names the actor, place, demand or material conflict."
GER,Parliamentary Germany,AOEIW28_GER_spd_policy_2,Municipal Housing Programme,Build the Siedlungen,"Old title centres a reusable bureaucratic label (Programme); replacement names the actor, place, demand or material conflict."
GER,Parliamentary Germany,AOEIW30_GER_cdu_lander_compact,The Länder Compact,No Republic Without the Länder,"Old title centres a reusable bureaucratic label (Compact); replacement names the actor, place, demand or material conflict."
GER,Parliamentary Germany,AOEIW30_GER_kpd_red_welfare,The Red Welfare Settlement,"Bread, Rent, Work","Old title centres a reusable bureaucratic label (Settlement); replacement names the actor, place, demand or material conflict."
GER,Parliamentary Germany,AOEIW29_GER_spd_social_insurance,A National Social Insurance Compact,The Republic Insures Its Workers,"Old title centres a reusable bureaucratic label (Compact); replacement names the actor, place, demand or material conflict."
GER,Parliamentary Germany,AOEIW29_GER_liberal_civil_liberties,A Charter of Civil Liberties,No More Rule by Article 48,"Old title states an abstract policy outcome; replacement gives the branch a period headline, slogan, place or constituency."
GER,Parliamentary Germany,AOEIW29_GER_conservative_rural_settlement,A Lasting Rural Settlement,The Reichs-Landbund's Price,"Old title centres a reusable bureaucratic label (Settlement); replacement names the actor, place, demand or material conflict."
GER,Rearmament and social bargain,AOEIW35_GER_imperial_institutions,The Federal Compact,The Kaiser Opens the Reichstag,"Old title centres a reusable bureaucratic label (Compact); replacement names the actor, place, demand or material conflict."
GER,Rearmament and social bargain,AOEIW35_GER_workers_executive,The National Directorate,Berlin Claims the Revolution,"Old title centres a reusable bureaucratic label (Directorate); replacement names the actor, place, demand or material conflict."
GER,Continental war and aftermath,AOEIW37_GER_occupation_directorate,The Occupation Directorate,One Order from Berlin,"Old title centres a reusable bureaucratic label (Directorate); replacement names the actor, place, demand or material conflict."
GER,Continental war and aftermath,AOEIW37_GER_continental_resource_board,The Continental Resource Board,"Oil from Ploiești, Ore from Kiruna","Old title centres a reusable bureaucratic label (Board); replacement names the actor, place, demand or material conflict."
GER,Continental war and aftermath,AOEIW37_GER_operational_lessons_board,The Operational Lessons Board,Lessons Written in Blood,"Old title centres a reusable bureaucratic label (Board); replacement names the actor, place, demand or material conflict."
GER,Continental war and aftermath,AOEIW37_GER_joint_arms_directorate,The Joint Arms Directorate,Stukas Over the Panzers,"Old title centres a reusable bureaucratic label (Directorate); replacement names the actor, place, demand or material conflict."
GER,Continental war and aftermath,AOEIW37_GER_compact_beyond_the_crisis,A Compact Beyond the Crisis,After the Founders,"Old title centres a reusable bureaucratic label (Compact); replacement names the actor, place, demand or material conflict."
